name,label
man/00000246.jpg,man
man/00000134.jpg,man
man/00000125.jpg,man
man/00000185.jpg,man
man/00000009.jpg,man
man/00000142.jpg,man
man/00000001.jpg,man
man/00000224.jpg,man
man/00000007.jpg,man
man/00000005.jpg,man
man/00000226.jpg,man
man/00000274.jpg,man
man/00000241.jpg,man
man/00000222.jpg,man
man/00000003.jpg,man
man/00000262.jpg,man
man/00000024.jpg,man
man/00000198.jpg,man
man/00000252.jpg,man
man/00000221.jpg,man
man/00000121.jpg,man
man/00000269.jpg,man
man/00000017.jpg,man
man/00000256.jpg,man
man/00000010.jpg,man
man/00000160.jpg,man
man/00000119.jpg,man
man/00000061.jpg,man
man/00000068.jpg,man
man/00000110.jpg,man
man/00000123.jpg,man
man/00000053.jpg,man
man/00000112.jpg,man
man/00000292.jpg,man
man/00000126.jpg,man
man/00000169.jpg,man
man/00000239.jpg,man
man/00000067.jpg,man
man/00000219.jpg,man
man/00000204.jpg,man
man/00000188.jpg,man
man/00000250.jpg,man
man/00000150.jpg,man
man/00000275.jpg,man
man/00000210.jpg,man
man/00000236.jpg,man
man/00000034.jpg,man
man/00000225.jpg,man
man/00000229.jpg,man
man/00000184.jpg,man
man/00000131.jpg,man
man/00000114.jpg,man
man/00000206.jpg,man
man/00000179.jpg,man
man/00000029.jpg,man
man/00000251.jpg,man
man/00000232.jpg,man
man/00000006.jpg,man
man/00000129.jpg,man
man/00000257.jpg,man
man/00000051.jpg,man
man/00000261.jpg,man
man/00000033.jpg,man
man/00000178.jpg,man
man/00000207.jpg,man
man/00000189.jpg,man
man/00000055.jpg,man
man/00000268.jpg,man
man/00000165.jpg,man
man/00000195.jpg,man
man/00000294.jpg,man
man/00000263.jpg,man
man/00000272.jpg,man
man/00000105.jpg,man
man/00000101.jpg,man
man/00000288.jpg,man
man/00000135.jpg,man
man/00000284.jpg,man
man/00000118.jpg,man
man/00000267.jpg,man
man/00000253.jpg,man
man/00000141.jpg,man
man/00000203.jpg,man
man/00000113.jpg,man
man/00000025.jpg,man
man/00000108.jpg,man
man/00000271.jpg,man
man/00000205.jpg,man
man/00000073.jpg,man
man/00000280.jpg,man
man/00000175.jpg,man
man/00000032.jpg,man
man/00000296.jpg,man
man/00000233.jpg,man
man/00000056.jpg,man
man/00000059.jpg,man
man/00000191.jpg,man
man/00000172.jpg,man
man/00000065.jpg,man
man/00000215.jpg,man
man/00000293.jpg,man
man/00000186.jpg,man
man/00000004.jpg,man
man/00000103.jpg,man
man/00000164.jpg,man
man/00000170.jpg,man
man/00000287.jpg,man
man/00000148.jpg,man
man/00000021.jpg,man
man/00000260.jpg,man
man/00000044.jpg,man
man/00000106.jpg,man
man/00000060.jpg,man
man/00000092.jpg,man
man/00000177.jpg,man
man/00000066.jpg,man
man/00000298.jpg,man
man/00000054.jpg,man
man/00000031.jpg,man
man/00000220.jpg,man
man/00000069.jpg,man
man/00000217.jpg,man
man/00000212.jpg,man
man/00000047.jpg,man
man/00000273.jpg,man
man/00000013.jpg,man
man/00000000.jpg,man
man/00000089.jpg,man
man/00000109.jpg,man
man/00000020.jpg,man
man/00000199.jpg,man
man/00000002.jpg,man
man/00000038.jpg,man
man/00000266.jpg,man
man/00000027.jpg,man
man/00000211.jpg,man
man/00000208.jpg,man
man/00000138.jpg,man
man/00000197.jpg,man
man/00000154.jpg,man
man/00000116.jpg,man
man/00000048.jpg,man
man/00000094.jpg,man
man/00000295.jpg,man
man/00000111.jpg,man
man/00000282.jpg,man
man/00000202.jpg,man
man/00000193.jpg,man
man/00000245.jpg,man
man/00000064.jpg,man
man/00000093.jpg,man
man/00000140.jpg,man
man/00000176.jpg,man
man/00000090.jpg,man
man/00000248.jpg,man
man/00000244.jpg,man
man/00000124.jpg,man
man/00000091.jpg,man
man/00000133.jpg,man
man/00000174.jpg,man
man/00000196.jpg,man
man/00000171.jpg,man
man/00000049.jpg,man
man/00000095.jpg,man
man/00000265.jpg,man
man/00000270.jpg,man
man/00000035.jpg,man
man/00000281.jpg,man
man/00000180.jpg,man
man/00000037.jpg,man
man/00000157.jpg,man
man/00000015.jpg,man
man/00000139.jpg,man
man/00000255.jpg,man
man/00000153.jpg,man
man/00000143.jpg,man
man/00000163.jpg,man
man/00000042.jpg,man
man/00000011.jpg,man
man/00000130.jpg,man
man/00000120.jpg,man
man/00000104.jpg,man
man/00000168.jpg,man
man/00000238.jpg,man
man/00000182.jpg,man
man/00000151.jpg,man
man/00000117.jpg,man
man/00000278.jpg,man
man/00000258.jpg,man
man/00000079.jpg,man
man/00000147.jpg,man
man/00000102.jpg,man
man/00000156.jpg,man
man/00000166.jpg,man
man/00000209.jpg,man
man/00000286.jpg,man
man/00000279.jpg,man
man/00000078.jpg,man
man/00000052.jpg,man
man/00000023.jpg,man
man/00000098.jpg,man
man/00000075.jpg,man
man/00000041.jpg,man
man/00000291.jpg,man
man/00000070.jpg,man
man/00000234.jpg,man
man/00000040.jpg,man
man/00000084.jpg,man
man/00000283.jpg,man
man/00000074.jpg,man
man/00000192.jpg,man
man/00000019.jpg,man
man/00000057.jpg,man
man/00000071.jpg,man
man/00000058.jpg,man
man/00000036.jpg,man
man/00000076.jpg,man
man/00000290.jpg,man
man/00000158.jpg,man
man/00000200.jpg,man
man/00000161.jpg,man
man/00000264.jpg,man
man/00000045.jpg,man
man/00000030.jpg,man
man/00000081.jpg,man
man/00000183.jpg,man
man/00000155.jpg,man
man/00000122.jpg,man
man/00000167.jpg,man
man/00000228.jpg,man
man/00000223.jpg,man
man/00000242.jpg,man
man/00000249.jpg,man
man/00000136.jpg,man
man/00000097.jpg,man
man/00000289.jpg,man
man/00000018.jpg,man
man/00000181.jpg,man
man/00000014.jpg,man
man/00000227.jpg,man
man/00000012.jpg,man
man/00000214.jpg,man
man/00000162.jpg,man
man/00000086.jpg,man
man/00000259.jpg,man
man/00000297.jpg,man
man/00000087.jpg,man
man/00000083.jpg,man
man/00000016.jpg,man
man/00000144.jpg,man
man/00000159.jpg,man
man/00000235.jpg,man
man/00000107.jpg,man
man/00000240.jpg,man
man/00000072.jpg,man
man/00000213.jpg,man
man/00000082.jpg,man
man/00000187.jpg,man
man/00000099.jpg,man
man/00000254.jpg,man
man/00000230.jpg,man
man/00000046.jpg,man
man/00000115.jpg,man
man/00000137.jpg,man
man/00000028.jpg,man
man/00000218.jpg,man
man/00000080.jpg,man
man/00000243.jpg,man
man/00000050.jpg,man
man/00000277.jpg,man
man/00000247.jpg,man
man/00000285.jpg,man
man/00000231.jpg,man
man/00000194.jpg,man
man/00000190.jpg,man
man/00000237.jpg,man
man/00000145.jpg,man
man/00000096.jpg,man
man/00000132.jpg,man
man/00000008.jpg,man
man/00000100.jpg,man
man/00000299.jpg,man
man/00000173.jpg,man
man/00000062.jpg,man
man/00000146.jpg,man
man/00000201.jpg,man
man/00000063.jpg,man
man/00000127.jpg,man
man/00000128.jpg,man
man/00000088.jpg,man
man/00000085.jpg,man
man/00000149.jpg,man
man/00000152.jpg,man
man/00000043.jpg,man
man/00000276.jpg,man
man/00000039.jpg,man
man/00000077.jpg,man
man/00000216.jpg,man
man/00000022.jpg,man
drag/00000246.jpg,drag
drag/00000134.jpg,drag
drag/00000125.jpg,drag
drag/00000185.jpg,drag
drag/00000009.jpg,drag
drag/00000142.jpg,drag
drag/00000001.jpg,drag
drag/00000224.jpg,drag
drag/00000007.jpg,drag
drag/00000005.jpg,drag
drag/00000226.jpg,drag
drag/00000274.jpg,drag
drag/00000241.jpg,drag
drag/00000222.jpg,drag
drag/00000003.jpg,drag
drag/00000262.jpg,drag
drag/00000198.jpg,drag
drag/00000252.jpg,drag
drag/00000221.jpg,drag
drag/00000121.jpg,drag
drag/00000269.jpg,drag
drag/00000256.jpg,drag
drag/00000010.jpg,drag
drag/00000160.jpg,drag
drag/00000119.jpg,drag
drag/00000061.jpg,drag
drag/00000068.jpg,drag
drag/00000110.jpg,drag
drag/00000123.jpg,drag
drag/00000053.jpg,drag
drag/00000112.jpg,drag
drag/00000292.jpg,drag
drag/00000126.jpg,drag
drag/00000169.jpg,drag
drag/00000239.jpg,drag
drag/00000067.jpg,drag
drag/00000219.jpg,drag
drag/00000204.jpg,drag
drag/00000188.jpg,drag
drag/00000250.jpg,drag
drag/00000150.jpg,drag
drag/00000275.jpg,drag
drag/00000210.jpg,drag
drag/00000236.jpg,drag
drag/00000034.jpg,drag
drag/00000225.jpg,drag
drag/00000229.jpg,drag
drag/00000184.jpg,drag
drag/00000131.jpg,drag
drag/00000114.jpg,drag
drag/00000206.jpg,drag
drag/00000029.jpg,drag
drag/00000251.jpg,drag
drag/00000232.jpg,drag
drag/00000006.jpg,drag
drag/00000129.jpg,drag
drag/00000257.jpg,drag
drag/00000051.jpg,drag
drag/00000261.jpg,drag
drag/00000033.jpg,drag
drag/00000178.jpg,drag
drag/00000207.jpg,drag
drag/00000189.jpg,drag
drag/00000055.jpg,drag
drag/00000268.jpg,drag
drag/00000165.jpg,drag
drag/00000294.jpg,drag
drag/00000263.jpg,drag
drag/00000272.jpg,drag
drag/00000105.jpg,drag
drag/00000101.jpg,drag
drag/00000288.jpg,drag
drag/00000135.jpg,drag
drag/00000284.jpg,drag
drag/00000118.jpg,drag
drag/00000267.jpg,drag
drag/00000253.jpg,drag
drag/00000141.jpg,drag
drag/00000113.jpg,drag
drag/00000025.jpg,drag
drag/00000108.jpg,drag
drag/00000271.jpg,drag
drag/00000205.jpg,drag
drag/00000073.jpg,drag
drag/00000280.jpg,drag
drag/00000175.jpg,drag
drag/00000032.jpg,drag
drag/00000296.jpg,drag
drag/00000233.jpg,drag
drag/00000056.jpg,drag
drag/00000059.jpg,drag
drag/00000191.jpg,drag
drag/00000026.jpg,drag
drag/00000172.jpg,drag
drag/00000065.jpg,drag
drag/00000215.jpg,drag
drag/00000186.jpg,drag
drag/00000004.jpg,drag
drag/00000103.jpg,drag
drag/00000170.jpg,drag
drag/00000287.jpg,drag
drag/00000148.jpg,drag
drag/00000021.jpg,drag
drag/00000260.jpg,drag
drag/00000044.jpg,drag
drag/00000106.jpg,drag
drag/00000060.jpg,drag
drag/00000092.jpg,drag
drag/00000177.jpg,drag
drag/00000066.jpg,drag
drag/00000298.jpg,drag
drag/00000054.jpg,drag
drag/00000031.jpg,drag
drag/00000220.jpg,drag
drag/00000069.jpg,drag
drag/00000217.jpg,drag
drag/00000212.jpg,drag
drag/00000047.jpg,drag
drag/00000273.jpg,drag
drag/00000013.jpg,drag
drag/00000000.jpg,drag
drag/00000089.jpg,drag
drag/00000109.jpg,drag
drag/00000020.jpg,drag
drag/00000199.jpg,drag
drag/00000002.jpg,drag
drag/00000038.jpg,drag
drag/00000266.jpg,drag
drag/00000027.jpg,drag
drag/00000211.jpg,drag
drag/00000208.jpg,drag
drag/00000138.jpg,drag
drag/00000197.jpg,drag
drag/00000154.jpg,drag
drag/00000116.jpg,drag
drag/00000048.jpg,drag
drag/00000094.jpg,drag
drag/00000295.jpg,drag
drag/00000111.jpg,drag
drag/00000282.jpg,drag
drag/00000202.jpg,drag
drag/00000193.jpg,drag
drag/00000245.jpg,drag
drag/00000064.jpg,drag
drag/00000093.jpg,drag
drag/00000140.jpg,drag
drag/00000176.jpg,drag
drag/00000090.jpg,drag
drag/00000248.jpg,drag
drag/00000244.jpg,drag
drag/00000124.jpg,drag
drag/00000091.jpg,drag
drag/00000133.jpg,drag
drag/00000174.jpg,drag
drag/00000196.jpg,drag
drag/00000171.jpg,drag
drag/00000049.jpg,drag
drag/00000095.jpg,drag
drag/00000265.jpg,drag
drag/00000270.jpg,drag
drag/00000035.jpg,drag
drag/00000281.jpg,drag
drag/00000180.jpg,drag
drag/00000037.jpg,drag
drag/00000157.jpg,drag
drag/00000015.jpg,drag
drag/00000139.jpg,drag
drag/00000255.jpg,drag
drag/00000153.jpg,drag
drag/00000143.jpg,drag
drag/00000042.jpg,drag
drag/00000011.jpg,drag
drag/00000130.jpg,drag
drag/00000120.jpg,drag
drag/00000104.jpg,drag
drag/00000168.jpg,man
drag/00000238.jpg,drag
drag/00000182.jpg,drag
drag/00000151.jpg,drag
drag/00000117.jpg,drag
drag/00000278.jpg,drag
drag/00000258.jpg,drag
drag/00000079.jpg,drag
drag/00000147.jpg,drag
drag/00000102.jpg,drag
drag/00000156.jpg,drag
drag/00000166.jpg,drag
drag/00000209.jpg,drag
drag/00000286.jpg,drag
drag/00000279.jpg,drag
drag/00000078.jpg,drag
drag/00000052.jpg,drag
drag/00000023.jpg,drag
drag/00000098.jpg,drag
drag/00000075.jpg,drag
drag/00000041.jpg,drag
drag/00000291.jpg,drag
drag/00000070.jpg,drag
drag/00000234.jpg,drag
drag/00000040.jpg,drag
drag/00000084.jpg,drag
drag/00000283.jpg,drag
drag/00000074.jpg,drag
drag/00000192.jpg,drag
drag/00000019.jpg,drag
drag/00000057.jpg,drag
drag/00000071.jpg,drag
drag/00000058.jpg,drag
drag/00000036.jpg,drag
drag/00000076.jpg,drag
drag/00000290.jpg,drag
drag/00000158.jpg,drag
drag/00000200.jpg,drag
drag/00000161.jpg,drag
drag/00000264.jpg,drag
drag/00000045.jpg,drag
drag/00000030.jpg,drag
drag/00000081.jpg,drag
drag/00000183.jpg,drag
drag/00000155.jpg,drag
drag/00000122.jpg,drag
drag/00000167.jpg,drag
drag/00000228.jpg,drag
drag/00000223.jpg,drag
drag/00000242.jpg,drag
drag/00000249.jpg,drag
drag/00000136.jpg,drag
drag/00000097.jpg,drag
drag/00000289.jpg,drag
drag/00000018.jpg,drag
drag/00000181.jpg,drag
drag/00000014.jpg,drag
drag/00000227.jpg,drag
drag/00000012.jpg,drag
drag/00000214.jpg,drag
drag/00000162.jpg,drag
drag/00000086.jpg,drag
drag/00000259.jpg,drag
drag/00000297.jpg,drag
drag/00000087.jpg,drag
drag/00000083.jpg,drag
drag/00000016.jpg,drag
drag/00000144.jpg,drag
drag/00000159.jpg,drag
drag/00000235.jpg,drag
drag/00000107.jpg,drag
drag/00000240.jpg,drag
drag/00000072.jpg,drag
drag/00000213.jpg,drag
drag/00000082.jpg,drag
drag/00000187.jpg,drag
drag/00000099.jpg,drag
drag/00000254.jpg,drag
drag/00000230.jpg,drag
drag/00000046.jpg,drag
drag/00000115.jpg,drag
drag/00000137.jpg,drag
drag/00000028.jpg,drag
drag/00000218.jpg,drag
drag/00000080.jpg,drag
drag/00000243.jpg,drag
drag/00000050.jpg,drag
drag/00000277.jpg,drag
drag/00000247.jpg,drag
drag/00000285.jpg,drag
drag/00000231.jpg,drag
drag/00000194.jpg,drag
drag/00000237.jpg,drag
drag/00000145.jpg,drag
drag/00000096.jpg,drag
drag/00000132.jpg,drag
drag/00000008.jpg,drag
drag/00000100.jpg,drag
drag/00000299.jpg,drag
drag/00000173.jpg,drag
drag/00000062.jpg,drag
drag/00000146.jpg,drag
drag/00000201.jpg,drag
drag/00000063.jpg,drag
drag/00000127.jpg,drag
drag/00000128.jpg,drag
drag/00000088.jpg,drag
drag/00000085.jpg,drag
drag/00000149.jpg,drag
drag/00000043.jpg,drag
drag/00000039.jpg,drag
drag/00000077.jpg,drag
drag/00000216.jpg,drag
drag/00000022.jpg,drag
woman/00000246.jpg,woman
woman/00000134.jpg,woman
woman/00000125.jpg,woman
woman/00000185.jpg,woman
woman/00000009.jpg,woman
woman/00000142.jpg,woman
woman/00000001.jpg,woman
woman/00000224.jpg,woman
woman/00000007.jpg,woman
woman/00000005.jpg,woman
woman/00000226.jpg,woman
woman/00000274.jpg,woman
woman/00000241.jpg,woman
woman/00000222.jpg,woman
woman/00000003.jpg,woman
woman/00000262.jpg,woman
woman/00000024.jpg,woman
woman/00000198.jpg,woman
woman/00000252.jpg,woman
woman/00000221.jpg,woman
woman/00000121.jpg,woman
woman/00000269.jpg,woman
woman/00000017.jpg,woman
woman/00000256.jpg,woman
woman/00000010.jpg,woman
woman/00000160.jpg,woman
woman/00000119.jpg,woman
woman/00000061.jpg,woman
woman/00000068.jpg,woman
woman/00000110.jpg,woman
woman/00000123.jpg,woman
woman/00000053.jpg,woman
woman/00000112.jpg,woman
woman/00000292.jpg,woman
woman/00000126.jpg,woman
woman/00000169.jpg,woman
woman/00000239.jpg,woman
woman/00000067.jpg,woman
woman/00000219.jpg,woman
woman/00000204.jpg,woman
woman/00000188.jpg,woman
woman/00000250.jpg,woman
woman/00000150.jpg,woman
woman/00000275.jpg,woman
woman/00000210.jpg,woman
woman/00000236.jpg,woman
woman/00000034.jpg,woman
woman/00000225.jpg,woman
woman/00000229.jpg,woman
woman/00000184.jpg,woman
woman/00000131.jpg,woman
woman/00000114.jpg,woman
woman/00000206.jpg,woman
woman/00000179.jpg,woman
woman/00000029.jpg,woman
woman/00000251.jpg,woman
woman/00000232.jpg,woman
woman/00000006.jpg,woman
woman/00000129.jpg,woman
woman/00000257.jpg,woman
woman/00000051.jpg,woman
woman/00000261.jpg,woman
woman/00000033.jpg,woman
woman/00000178.jpg,woman
woman/00000207.jpg,woman
woman/00000189.jpg,woman
woman/00000055.jpg,woman
woman/00000268.jpg,woman
woman/00000165.jpg,woman
woman/00000195.jpg,woman
woman/00000294.jpg,woman
woman/00000263.jpg,woman
woman/00000272.jpg,woman
woman/00000105.jpg,woman
woman/00000101.jpg,woman
woman/00000288.jpg,woman
woman/00000135.jpg,woman
woman/00000284.jpg,woman
woman/00000118.jpg,woman
woman/00000267.jpg,woman
woman/00000253.jpg,woman
woman/00000141.jpg,woman
woman/00000203.jpg,woman
woman/00000113.jpg,woman
woman/00000025.jpg,woman
woman/00000108.jpg,woman
woman/00000271.jpg,woman
woman/00000205.jpg,woman
woman/00000073.jpg,woman
woman/00000280.jpg,woman
woman/00000175.jpg,woman
woman/00000032.jpg,woman
woman/00000296.jpg,woman
woman/00000233.jpg,woman
woman/00000056.jpg,woman
woman/00000059.jpg,woman
woman/00000191.jpg,woman
woman/00000026.jpg,woman
woman/00000172.jpg,woman
woman/00000065.jpg,woman
woman/00000215.jpg,woman
woman/00000293.jpg,woman
woman/00000186.jpg,woman
woman/00000004.jpg,woman
woman/00000103.jpg,woman
woman/00000164.jpg,woman
woman/00000170.jpg,woman
woman/00000287.jpg,woman
woman/00000148.jpg,woman
woman/00000021.jpg,woman
woman/00000260.jpg,woman
woman/00000044.jpg,woman
woman/00000106.jpg,woman
woman/00000060.jpg,woman
woman/00000092.jpg,woman
woman/00000177.jpg,woman
woman/00000066.jpg,woman
woman/00000298.jpg,woman
woman/00000054.jpg,woman
woman/00000031.jpg,woman
woman/00000220.jpg,woman
woman/00000069.jpg,woman
woman/00000217.jpg,woman
woman/00000212.jpg,woman
woman/00000047.jpg,woman
woman/00000273.jpg,woman
woman/00000013.jpg,woman
woman/00000000.jpg,woman
woman/00000089.jpg,woman
woman/00000109.jpg,woman
woman/00000020.jpg,woman
woman/00000199.jpg,woman
woman/00000002.jpg,woman
woman/00000038.jpg,woman
woman/00000266.jpg,woman
woman/00000027.jpg,woman
woman/00000211.jpg,woman
woman/00000208.jpg,woman
woman/00000138.jpg,woman
woman/00000197.jpg,woman
woman/00000154.jpg,woman
woman/00000116.jpg,woman
woman/00000048.jpg,woman
woman/00000094.jpg,woman
woman/00000295.jpg,woman
woman/00000111.jpg,woman
woman/00000282.jpg,woman
woman/00000202.jpg,woman
woman/00000193.jpg,woman
woman/00000245.jpg,woman
woman/00000064.jpg,woman
woman/00000093.jpg,woman
woman/00000140.jpg,woman
woman/00000176.jpg,woman
woman/00000090.jpg,woman
woman/00000248.jpg,woman
woman/00000244.jpg,woman
woman/00000124.jpg,woman
woman/00000091.jpg,woman
woman/00000133.jpg,woman
woman/00000174.jpg,woman
woman/00000196.jpg,woman
woman/00000171.jpg,woman
woman/00000049.jpg,woman
woman/00000095.jpg,woman
woman/00000265.jpg,woman
woman/00000270.jpg,woman
woman/00000035.jpg,woman
woman/00000281.jpg,woman
woman/00000180.jpg,woman
woman/00000037.jpg,woman
woman/00000157.jpg,woman
woman/00000015.jpg,woman
woman/00000139.jpg,woman
woman/00000255.jpg,woman
woman/00000153.jpg,woman
woman/00000143.jpg,woman
woman/00000163.jpg,woman
woman/00000042.jpg,woman
woman/00000011.jpg,woman
woman/00000130.jpg,woman
woman/00000120.jpg,woman
woman/00000104.jpg,woman
woman/00000168.jpg,woman
woman/00000238.jpg,woman
woman/00000182.jpg,woman
woman/00000151.jpg,woman
woman/00000117.jpg,woman
woman/00000278.jpg,woman
woman/00000258.jpg,woman
woman/00000079.jpg,woman
woman/00000147.jpg,woman
woman/00000102.jpg,woman
woman/00000156.jpg,woman
woman/00000166.jpg,woman
woman/00000209.jpg,woman
woman/00000286.jpg,woman
woman/00000279.jpg,woman
woman/00000078.jpg,woman
woman/00000052.jpg,woman
woman/00000023.jpg,woman
woman/00000098.jpg,woman
woman/00000075.jpg,woman
woman/00000041.jpg,woman
woman/00000291.jpg,woman
woman/00000070.jpg,woman
woman/00000234.jpg,woman
woman/00000040.jpg,woman
woman/00000084.jpg,woman
woman/00000283.jpg,woman
woman/00000074.jpg,woman
woman/00000192.jpg,woman
woman/00000019.jpg,woman
woman/00000057.jpg,woman
woman/00000071.jpg,woman
woman/00000058.jpg,woman
woman/00000036.jpg,woman
woman/00000076.jpg,woman
woman/00000290.jpg,woman
woman/00000158.jpg,woman
woman/00000200.jpg,woman
woman/00000161.jpg,woman
woman/00000264.jpg,woman
woman/00000045.jpg,woman
woman/00000030.jpg,woman
woman/00000081.jpg,woman
woman/00000183.jpg,woman
woman/00000155.jpg,woman
woman/00000122.jpg,woman
woman/00000167.jpg,woman
woman/00000228.jpg,woman
woman/00000223.jpg,woman
woman/00000242.jpg,woman
woman/00000249.jpg,woman
woman/00000136.jpg,woman
woman/00000097.jpg,woman
woman/00000289.jpg,woman
woman/00000018.jpg,woman
woman/00000181.jpg,woman
woman/00000014.jpg,woman
woman/00000227.jpg,woman
woman/00000012.jpg,woman
woman/00000214.jpg,woman
woman/00000162.jpg,woman
woman/00000086.jpg,woman
woman/00000259.jpg,woman
woman/00000297.jpg,woman
woman/00000087.jpg,woman
woman/00000083.jpg,woman
woman/00000016.jpg,woman
woman/00000144.jpg,woman
woman/00000159.jpg,woman
woman/00000235.jpg,woman
woman/00000107.jpg,woman
woman/00000240.jpg,woman
woman/00000072.jpg,woman
woman/00000213.jpg,woman
woman/00000082.jpg,woman
woman/00000187.jpg,woman
woman/00000099.jpg,woman
woman/00000254.jpg,woman
woman/00000230.jpg,woman
woman/00000046.jpg,woman
woman/00000115.jpg,woman
woman/00000137.jpg,woman
woman/00000028.jpg,woman
woman/00000218.jpg,woman
woman/00000080.jpg,woman
woman/00000243.jpg,woman
woman/00000277.jpg,woman
woman/00000247.jpg,woman
woman/00000285.jpg,woman
woman/00000231.jpg,woman
woman/00000194.jpg,woman
woman/00000190.jpg,woman
woman/00000237.jpg,woman
woman/00000145.jpg,woman
woman/00000096.jpg,woman
woman/00000132.jpg,woman
woman/00000008.jpg,woman
woman/00000100.jpg,woman
woman/00000299.jpg,woman
woman/00000173.jpg,woman
woman/00000062.jpg,woman
woman/00000146.jpg,woman
woman/00000201.jpg,woman
woman/00000063.jpg,woman
woman/00000127.jpg,woman
woman/00000128.jpg,woman
woman/00000088.jpg,woman
woman/00000085.jpg,woman
woman/00000149.jpg,woman
woman/00000152.jpg,woman
woman/00000043.jpg,woman
woman/00000276.jpg,woman
woman/00000039.jpg,woman
woman/00000077.jpg,woman
woman/00000216.jpg,woman
woman/00000022.jpg,woman
